<?xml version="1.0" encoding="utf-8"?>
<extension version="1.6" type="plugin" group="system" method="upgrade">
	<name>System - Gantry</name>
	<author>RocketTheme, LLC</author>
	<creationDate>April 2, 2012</creationDate>
	<copyright>(C) 2005 - 2012 RocketTheme, LLC. All rights reserved.</copyright>
	<license>http://www.gnu.org/copyleft/gpl.html GNU/GPL</license>
	<authorEmail>support@rockettheme.com</authorEmail>
	<authorUrl>http://www.rockettheme.com</authorUrl>
	<version>3.2.19</version>
	<description>Gantry System Plugin for Joomla</description>
	<files>
		<filename plugin="gantry">gantry.php</filename>
		<filename>index.html</filename>
	</files>
</extension>
