<?xml version="1.0" encoding="iso-8859-1"?>
<gantrytips>
	
	<tip label="Gantry Cache" id="cache"><![CDATA[The Gantry Framework includes a powerful Cache function. It caches the data and can greatly improve performance of the Gantry powered Joomla site.]]></tip>
	
	<tip label="Gantry GZipper" id="gzipper"><![CDATA[The Gantry GZipper is a built-in compression and combination system that will ensure all Gantry CSS and JS files are combined and compressed to provide optimal performance. CSS and JS files outside of Gantry will not be included.]]></tip>
	
	<tip label="Display Component" id="component-enabled"><![CDATA[Turning this off stops the content component from displaying on the frontpage. Mainbody module positions are unaffected. This can be useful if you would like to build your homepage from modules only.]]></tip>
	
	<tip label="Display Mainbody" id="mainbody-enabled"><![CDATA[Turning this off stops the component, content top and bottom module positions, and sidebars from displaying on the homepage. All mainbody elements will be disabled.]]></tip>
	
	<tip label="RTL Support" id="rtl-enabled"><![CDATA[The RTL setting allows you to enable Right-to-Left support in the gantry core. The Gantry template will be switched to RTL automatically as soon as a RTL language is detected.]]></tip>
	
	<tip label="Module Overlays" id="moduleoverlays-enabled"><![CDATA[Allow support for ?tp=1 functionality on the frontend. It is advisable to turn this off on production servers.]]></tip>
	
	<tip label="Page Suffix" id="pagesuffix-enabled"><![CDATA[This will automatically put a class on the body tag in the format of <b>menu-{menu alias}</b>, for example <b>menu-home</b> is the class shown by default on the homepage.  You can use this to add specific styling on specific pages.]]></tip>
	
	<tip label="RT Typography" id="typography"><![CDATA[This setting allows you to enable/disable the built-in custom RocketTheme extended typography. If you do not intend to use any extended RocketTheme typography styles on your site, disabling this option can increase performance by reducing the amount of CSS and images that load.]]></tip>
	
	<tip label="K2" id="k2"><![CDATA[This setting allows you to enable/disable the built-in custom K2 styling support.]]></tip>

	<tip label="Selectivizr" id="selectivizr-enabled"><![CDATA[This setting allows you to enable/disable Selectivizr support for IE7 and IE8. Selectivizr provides support for additional CSS selectors in earlier versions of IE for better compatibility.]]></tip>
	
</gantrytips>