<?xml version="1.0" encoding="iso-8859-1"?>
<gantrytips>
	
	<tip label="iPhone Custom Theme" id="iphone-enabled"><![CDATA[You can enable or disable the custom iPhone and iPod Touch automatic theme support.]]></tip>
	
	<tip label="Android Custom Theme" id="android-enabled"><![CDATA[You can enable or disable the custom Android automatic theme support.]]></tip>
	
	<tip label="Scalable Content" id="iphone-scalable"><![CDATA[You can enable or disable the zooming feature on your website when viewed via a mobile device.]]></tip>
	
	<tip label="Standard View Switch" id="iphone-switcher"><![CDATA[If enabled a switching button will be injected in your website at the position you prefer and changing it from the frontend, the mobile device user will be able to switch between the standard full rendered website and the mobile optimized website.]]></tip>
	
	<tip label="Mobile Menu" id="touchmenu"><![CDATA[Select a menu and the associated menu animation for the mobile theme.]]></tip>
	
	<tip label="Image Resize" id="iphoneimages"><![CDATA[You can enable the <strong>Images Resize</strong> setting which allows you to automatically have your website's images resized for mobile viewers. Images that exceed the minimum width will be resized to the set percentage. Even with this option disabled, an autoresize of all the images bigger than the viewport is built-in.]]></tip>
	
    <tip label="Positions Aliases" id="mobile"><![CDATA[Allows to 'redirect' a mobile device custom position to a different one. Useful if you want to show some content you already have and don't want to update twice.]]></tip>

</gantrytips>