<?xml version="1.0" encoding="iso-8859-1"?>
<gantrytips>
	
	<tip label="Main Style" id="style"><![CDATA[Main color style configuration panel. Choose the main color and theme style that you would like to use.]]></tip>

	<tip label="Background Level" id="backgroundlevel"><![CDATA[<strong>The Background Level</strong> setting provides the ability to easily change the level of graphic intensity of the template background. Reducing the background level reduces the number of images for a faster and more simplistic look.]]></tip>

	<tip label="Load Transition" id="loadtransition"><![CDATA[Enable or disable the page loading transition animation effects.]]></tip>
		
	<tip label="WebFonts" id="webfonts"><![CDATA[This setting allows you to use <strong>3rd party WebFonts</strong> from providers such as Google. You must first set WebFonts to show and then save your changes, then the available WebFonts will appear in the Font Settings dropdown from where they can be selected.]]></tip>
	
	<tip label="Font Settings" id="font"><![CDATA[A selection of fonts to be applied to your site's frontend is available from the <strong>Font Settings</strong> dropdown. It is also possible to set the <strong>Font Size</strong> according to your preference.]]></tip>
	
</gantrytips>