<?xml version="1.0" encoding="iso-8859-1" standalone="no"?>
<extension method="upgrade" type="template" version="2.5">
	<name>rt_fresco</name>
    <version>1.0</version>
    <creationDate> June 1, 2012</creationDate>
    <author>RocketTheme, LLC</author>
    <authorEmail>support@rockettheme.com</authorEmail>
    <authorUrl>http://www.rockettheme.com</authorUrl>
    <copyright>Copyright 2005-2012 - RocketTheme.com</copyright>
    <license>Proprietary - RocketTheme Joomla Club Members Only</license>
    <legacycss>false</legacycss>
    <description>Fresco</description>
        <files>
        	<folder>admin</folder>
        <filename>index.php</filename>
        <folder>fonts</folder>
        <filename>error.php</filename>
        <filename>index-android.php</filename>
        <folder>images</folder>
        <folder>roksprocket</folder>
        <filename>component.php</filename>
        <filename>template_preview.png</filename>
        <filename>gantry.config.php</filename>
        <filename>htaccess.txt</filename>
        <folder>language</folder>
        <filename>index-iphone.php</filename>
        <filename>debugbody.php</filename>
        <filename>template-overview.php</filename>
        <folder>custom</folder>
        <folder>html</folder>
        <folder>css</folder>
        <filename>template-options.xml</filename>
        <folder>features</folder>
        <filename>checksums</filename>
        <filename>profile.php</filename>
        <filename>template_thumbnail.png</filename>
        <folder>lib</folder>
        <folder>js</folder>
    </files>
		<positions>
			<position>analytics</position>
	        <position>drawer</position>
	        <position>top-a</position>
	        <position>top-b</position>
	        <position>top-c</position>
	        <position>top-d</position>
	        <position>top-e</position>
	        <position>top-f</position>
	        <position>header-a</position>
	        <position>header-b</position>
	        <position>header-c</position>
	        <position>header-d</position>
	        <position>header-e</position>
	        <position>header-f</position>
	        <position>navigation-a</position>
	        <position>navigation-b</position>
	        <position>navigation-c</position>
	        <position>navigation-d</position>
	        <position>navigation-e</position>
	        <position>navigation-f</position>
	        <position>subnavigation</position>
	        <position>showcase-a</position>
	        <position>showcase-b</position>
	        <position>showcase-c</position>
	        <position>showcase-d</position>
	        <position>showcase-e</position>
	        <position>showcase-f</position>
			<position>utility-a</position>
	        <position>utility-b</position>
	        <position>utility-c</position>
	        <position>utility-d</position>
	        <position>utility-e</position>
	        <position>utility-f</position>
	        <position>feature-a</position>
	        <position>feature-b</position>
	        <position>feature-c</position>
	        <position>feature-d</position>
	        <position>feature-e</position>
	        <position>feature-f</position>
	        <position>maintop-a</position>
	        <position>maintop-b</position>
	        <position>maintop-c</position>
	        <position>maintop-d</position>
	        <position>maintop-e</position>
	        <position>maintop-f</position>
			<position>breadcrumb</position>
	        <position>sidebar-a</position>
	        <position>sidebar-b</position>
	        <position>sidebar-c</position>
	        <position>content-top-a</position>
	        <position>content-top-b</position>
	        <position>content-top-c</position>
	        <position>content-bottom-a</position>
	        <position>content-bottom-b</position>
	        <position>content-bottom-c</position>
	        <position>mainbottom-a</position>
	        <position>mainbottom-b</position>
	        <position>mainbottom-c</position>
	        <position>mainbottom-d</position>
	        <position>mainbottom-e</position>
	        <position>mainbottom-f</position>
	        <position>extension-a</position>
	        <position>extension-b</position>
	        <position>extension-c</position>
	        <position>extension-d</position>
	        <position>extension-e</position>
	        <position>extension-f</position>
	        <position>bottom-a</position>
	        <position>bottom-b</position>
	        <position>bottom-c</position>
	        <position>bottom-d</position>
	        <position>bottom-e</position>
	        <position>bottom-f</position>
	        <position>footer-a</position>
	        <position>footer-b</position>
	        <position>footer-c</position>
	        <position>footer-d</position>
	        <position>footer-e</position>
	        <position>footer-f</position>
	        <position>copyright-a</position>
	        <position>copyright-b</position>
	        <position>copyright-c</position>
	        <position>copyright-d</position>
	        <position>copyright-e</position>
	        <position>copyright-f</position>
			<position>mobile-drawer</position>
			<position>mobile-top</position>
			<position>mobile-header</position>
			<position>mobile-navigation</position>
			<position>mobile-showcase</position>
			<position>mobile-feature</position>
			<position>mobile-utility</position>
			<position>mobile-extension</position>
			<position>mobile-bottom</position>
			<position>mobile-footer</position>
			<position>mobile-copyright</position>
	        <position>debug</position>
			<position>popup</position>
			<position>login</position>
		</positions>
	<config>
        <fields name="params">
            <fieldset name="base">
                <field default="true" name="master" type="hidden" value="true"/>
            </fieldset>
        </fields>
    </config>
</extension>
